Trial,CV_RMSE,C,epsilon,gamma
0,0.8404201411693087,1.7233288831716695,1.5403596595019242,0.08471801418819976
1,0.7669212552271604,9.466503798478172,0.022856175997064767,0.0004207053950287938
2,0.6884732714984493,0.15550191654264875,0.98423157385026,0.02537815508265665
3,2.265382554209153,21.745470981373618,0.011152328125494349,0.7579479953348001
4,0.7157708150151991,55.96520861285637,0.030803400529839688,0.000533703276260396
5,0.6154276566889308,0.4031102009377834,0.05012686302434878,0.012561043700013555
6,0.5749626234103602,2.6660203678732373,0.04678719265016203,0.0280163515871626
7,0.7562934542010483,0.288717705890429,0.047014692435609726,0.002920433847181412
8,0.7776085220397232,3.202585241999402,0.6407866261851016,0.0006290644294586153
9,0.8046378230900914,4.983142493044819,0.23076168040117317,0.00015339162591163628
10,2.282190721611593,139.03333704288676,0.19316688657368594,0.7553503645583177
11,0.5962806118718026,0.7378489000909074,0.08999446211537249,0.012961827615016014
12,0.6153360325341813,1.022176789563838,0.17023764864001484,0.07099939683801683
13,0.65903212933512,1.1487538537247706,0.0870554487832021,0.0053126459573161
14,0.6839601736065273,0.5456333854908129,0.09554476428660165,0.0970257312127683
15,0.6466022262158301,11.094305727193952,0.38677514520996836,0.0032055161719619016
16,0.6346137930736636,0.11952686361208013,0.01222613142525275,0.020618271955628414
17,0.8381499150245224,3.4278459635865257,0.09054298505475036,0.19613236417229835
18,0.6087955864628701,1.476262633081409,0.022003057645708715,0.008416934971427063
19,0.7541470932736726,0.5926829393145082,0.049901668931381794,0.0020194221975477077
20,0.6165978108290503,25.86783803596001,0.13648614282642021,0.03521954261532516
21,0.5923015533947585,1.7828632277814402,0.021650636916031803,0.009714837223765333
22,0.585939853887558,2.498868545101444,0.03546770752374775,0.009534386455778135
23,0.7398405787966733,2.254492051131592,0.016654014139877063,0.0013488012370353791
24,0.5852442330461581,6.232174910693514,0.0325803202813586,0.006975299446912337
25,0.6111184465022331,6.736030435972669,0.04088483872912455,0.005024815316263517
26,0.9414659662846523,20.968791690993942,0.03275969938377574,0.2366884842778833
27,0.5925897309742085,4.2286145422044745,0.06302264965394998,0.045121928749217124
28,0.7136054477702781,12.338024533229389,0.030506861616095487,0.001040671039916335
29,0.6536345309476823,2.246547567681046,0.017106614452402365,0.10092271935851173
30,0.5995347070313214,47.90906397631863,0.06457502426474836,0.021927493459296264
31,0.593667144444118,1.9363795667450878,0.021867674817647786,0.009242990604441956
32,0.5999088782852161,7.0182197764524465,0.015634120308405018,0.005551359264911531
33,0.572240630738847,2.87298501252554,0.02984079250346677,0.014144891773054058
34,0.6809094867556984,3.2835624273659496,1.6635236381232346,0.018061610244239894
35,0.5963995072166296,7.049886476888297,0.030915354477209472,0.039691390944286774
36,0.6355665170605168,14.295254023779652,0.03821809450953944,0.0032351270363484065
37,0.6359764397980464,0.23559612215117864,0.061172623515764135,0.049361326105047724
38,0.5842284153050982,0.9856226792343148,0.02777434242459118,0.014890178871764241
39,0.7778544911141461,0.9761827405175904,0.012294765205105496,0.150583472441759
40,0.59429761122872,0.414994276452001,0.02538576794596644,0.030324066153618875
41,0.5692622621313528,4.989305088059155,0.04114606205464585,0.01711171807316534
42,0.6044486647923479,4.4047280743016985,0.04841033697057699,0.0061037263041597055
43,0.5781078152202912,1.288127297391205,0.026010516655507465,0.01638824508725858
44,0.5784186926160582,1.277567992365404,0.010040494508253386,0.016291862736862072
45,0.5971511925688657,1.3585964473425345,0.010963322942415395,0.05683443097326725
46,0.5906465078946228,0.7378281938784312,0.014474406964307159,0.01455629808977226
47,0.5773744911201355,2.9970339383656945,0.1226814611198439,0.032440415440110296
48,0.5754577053452042,2.814797938050017,0.2689105586263635,0.0259084978663837
49,1.4247998506921846,9.226583439772009,0.32184564281745515,0.38441400941330545
