Feature,Importance_Mean,Importance_Std
total_sleep_hours,1.5086075356443183,0.027492765213850464
morning_alarm_snoozes,0.4802040561435959,0.012905603471754587
sleep_latency_min,0.38940342182896165,0.01172835260775906
bedtime_phone_minutes,0.08256288319486838,0.007046856090730701
caffeine_post_5pm_mg,0.06988189907302819,0.005310705866748368
deep_sleep_pct,0.056597870133818826,0.005158956539411928
screen_brightness_pct,0.026133440331477388,0.004431967585834969
blue_light_filter_active,0.011022661359828212,0.00332856410651021
rem_sleep_pct,0.003545121363411785,0.001464533217204396
occupation_type,0.0019519224238627119,0.0014853220611668624
chronotype,0.00125557714711782,0.0025082478925987244
physical_activity_min,0.001236887214045368,0.0013484654583049772
primary_bedtime_app,0.0007616901719613989,0.0015581279370341997
gender,-0.00035782386636846184,0.000644481288155779
age,-0.0009563081720755984,0.0014470933640023873
